<?xml version="1.0" encoding="UTF-8"?>
<project-private xmlns="http://www.netbeans.org/ns/project-private/1">
    <editor-bookmarks xmlns="http://www.netbeans.org/ns/editor-bookmarks/2" lastBookmarkId="0"/>
    <open-files xmlns="http://www.netbeans.org/ns/projectui-open-files/2">
        <group>
            <file>file:/E:/York/Development/Availability%20modelling/03122019/Node%20Gui/Node/src/node/Node.java</file>
            <file>file:/E:/York/Development/Availability%20modelling/03122019/Node%20Gui/Node/src/node/FXMLDocumentController.java</file>
            <file>file:/E:/York/Development/Availability%20modelling/03122019/Node%20Gui/Node/model.txt</file>
            <file>file:/E:/York/Development/Availability%20modelling/03122019/Node%20Gui/Node/db.configuration</file>
            <file>file:/E:/York/Development/Availability%20modelling/03122019/Node%20Gui/Node/src/node/FXMLDocument.fxml</file>
        </group>
    </open-files>
</project-private>
